{
  "createdAt": 1583139804713,
  "id": "marko-n9nhptdnel93uwwkfcvs",
  "name": "marko-n9nhptdnel93uwwkfcvs",
  "sessionId": "marko-n9nhptdnel93uwwkfcvs",
  "files": [
    {
      "connectionId": "xmjr7rclojyk44rx",
      "streamId": "xmjr7rclojyk44rx_CAMERA_BADUJ",
      "size": 139734,
      "clientData": "",
      "serverData": "",
      "hasAudio": true,
      "hasVideo": true,
      "typeOfVideo": "CAMERA",
      "startTimeOffset": -1583139804713,
      "endTimeOffset": -1583139804713
    }
  ]
}