{
  "createdAt": 1581719120502,
  "id": "marko-faixu33lny755hnn55ee",
  "name": "marko-faixu33lny755hnn55ee",
  "sessionId": "marko-faixu33lny755hnn55ee",
  "files": [
    {
      "connectionId": "hpcfcxzbsjiq2ug1",
      "streamId": "hpcfcxzbsjiq2ug1_CAMERA_AXHHO",
      "size": 84856,
      "clientData": "",
      "serverData": "",
      "hasAudio": true,
      "hasVideo": true,
      "typeOfVideo": "CAMERA",
      "startTimeOffset": -1581719120502,
      "endTimeOffset": -1581719120502
    }
  ]
}